journals/cie,ACM Computers in Entertainment,B,https://dblp.uni-trier.de/db/journals/cie
journals/csur,ACM Computing Surveys,A*,https://dblp.uni-trier.de/db/journals/csur
journals/talg,ACM Transactions on Algorithms,A,https://dblp.uni-trier.de/db/journals/talg
journals/tap,ACM Transactions on Applied Perception,B,https://dblp.uni-trier.de/db/journals/tap
journals/taco,ACM Transactions on Architecture and Code Optimization,B,https://dblp.uni-trier.de/db/journals/taco
journals/talip,ACM Transactions on Asian Language Information Processing,B,https://dblp.uni-trier.de/db/journals/talip
journals/taas,ACM Transactions on Autonomous and Adaptive Systems,B,https://dblp.uni-trier.de/db/journals/taas
journals/tocl,ACM Transactions on Computational Logic,A,https://dblp.uni-trier.de/db/journals/tocl
journals/tochi,ACM Transactions on Computer - Human Interaction,A*,https://dblp.uni-trier.de/db/journals/tochi
journals/tocs,ACM Transactions on Computer Systems,A*,https://dblp.uni-trier.de/db/journals/tocs
journals/tods,ACM Transactions on Database Systems,A*,https://dblp.uni-trier.de/db/journals/tods
journals/todaes,ACM Transactions on Design Automation of Electronic Systems,not primarily CS,https://dblp.uni-trier.de/db/journals/todaes
journals/tecs,ACM Transactions on Embedded Computing Systems,B,https://dblp.uni-trier.de/db/journals/tecs
journals/tog,ACM Transactions on Graphics,A*,https://dblp.uni-trier.de/db/journals/tog
journals/tois,ACM Transactions on Information Systems,A,https://dblp.uni-trier.de/db/journals/tois
journals/toit,ACM Transactions on Internet Technology,B,https://dblp.uni-trier.de/db/journals/toit
journals/tkdd,ACM Transactions on Knowledge Discovery from Data,B,https://dblp.uni-trier.de/db/journals/tkdd
journals/toms,ACM Transactions on Mathematical Software,A*,https://dblp.uni-trier.de/db/journals/toms
journals/tomacs,ACM Transactions on Modeling and Computer Simulation,B,https://dblp.uni-trier.de/db/journals/tomacs
journals/tomccap,ACM Transactions on Multimedia Computing Communications and Applications,B,https://dblp.uni-trier.de/db/journals/tomccap
journals/tissec,"ACM Transactions on Privacy and Security (was ACM Transactions on Information and System Security, TISSEC pre 2018)",A,https://dblp.uni-trier.de/db/journals/tissec
journals/toplas,ACM Transactions on Programming Languages and Systems,A*,https://dblp.uni-trier.de/db/journals/toplas
journals/tosn,ACM Transactions on Sensor Networks,C,https://dblp.uni-trier.de/db/journals/tosn
journals/tosem,ACM Transactions on Software Engineering and Methodology,A*,https://dblp.uni-trier.de/db/journals/tosem
journals/tslp,ACM Transactions on Speech and Language Processing,B,https://dblp.uni-trier.de/db/journals/tslp
journals/tos,ACM Transactions on Storage,B,https://dblp.uni-trier.de/db/journals/tos
journals/tweb,ACM Transactions on the Web,B,https://dblp.uni-trier.de/db/journals/tweb
journals/actaC,Acta Cybernetica,C,https://dblp.uni-trier.de/db/journals/actaC
journals/acta,Acta Informatica,B,https://dblp.uni-trier.de/db/journals/acta
journals/ar,Advanced Robotics,B,https://dblp.uni-trier.de/db/journals/ar
journals/aans,Advances in Artificial Neural Systems,Not ranked,https://dblp.uni-trier.de/db/journals/aans
journals/amco,Advances in Mathematics of Commmunications,B,https://dblp.uni-trier.de/db/journals/amco
journals/ais,AI and Society: the journal of human-centered systems and machine intelligence,C,https://dblp.uni-trier.de/db/journals/ais
journals/aicom,AI Communications: the European journal on artificial intelligence,B,https://dblp.uni-trier.de/db/journals/aicom
journals/aim,AI Magazine,C,https://dblp.uni-trier.de/db/journals/aim
journals/algorithmica,Algorithmica: an international journal in computer science,A*,https://dblp.uni-trier.de/db/journals/algorithmica
journals/amai,Annals of Mathematics and Artificial Intelligence,C,https://dblp.uni-trier.de/db/journals/amai
journals/anor,Annals of Operations Research,B,https://dblp.uni-trier.de/db/journals/anor
journals/arist,Annual Review of Information Science and Technology,A*,https://dblp.uni-trier.de/db/journals/arist
journals/aai,Applied Artificial Intelligence: an international journal,B,https://dblp.uni-trier.de/db/journals/aai
journals/apin,Applied Intelligence,B,https://dblp.uni-trier.de/db/journals/apin
journals/ao,Applied Ontology,C,https://dblp.uni-trier.de/db/journals/ao
journals/asc,Applied Soft Computing,C,https://dblp.uni-trier.de/db/journals/asc
journals/arscom,Ars Combinatoria,C,https://dblp.uni-trier.de/db/journals/arscom
journals/ai,Artificial Intelligence,A*,https://dblp.uni-trier.de/db/journals/ai
journals/ail,Artificial Intelligence and Law,C,https://dblp.uni-trier.de/db/journals/ail
journals/artmed,Artificial Intelligence in Medicine,A,https://dblp.uni-trier.de/db/journals/artmed
journals/air,Artificial Intelligence Review: an international survey and tutorial journal,Survey/review journal,https://dblp.uni-trier.de/db/journals/air
journals/alife,Artificial Life,B,https://dblp.uni-trier.de/db/journals/alife
journals/apjor,Asia-Pacific Journal of Operational Research,C,https://dblp.uni-trier.de/db/journals/apjor
journals/ajc,Australasian Journal of Combinatorics,B,https://dblp.uni-trier.de/db/journals/ajc
journals/ajis,Australasian Journal of Information Systems,B,https://dblp.uni-trier.de/db/journals/ajis
journals/ajiips,Australian Journal of Intelligent Information Processing Systems,B,https://dblp.uni-trier.de/db/journals/ajiips
journals/ase,Automated Software Engineering,B,https://dblp.uni-trier.de/db/journals/ase
journals/accs,Automatic Control and Computer Sciences,C,https://dblp.uni-trier.de/db/journals/accs
journals/aamas,Autonomous Agents and Multi-Agent Systems,A,https://dblp.uni-trier.de/db/journals/aamas
journals/arobots,Autonomous Robots,B,https://dblp.uni-trier.de/db/journals/arobots
journals/behaviourIT,Behaviour and Information Technology,B,https://dblp.uni-trier.de/db/journals/behaviourIT
journals/bmcbi,BMC Bioinformatics,A,https://dblp.uni-trier.de/db/journals/bmcbi
journals/midm,BMC Medical Informatics and Decision Making,B,https://dblp.uni-trier.de/db/journals/midm
journals/bpmj,Business Process Management Journal,B,https://dblp.uni-trier.de/db/journals/bpmj
journals/cjtcs,Chicago Journal of Theoretical Computer Science,C,https://dblp.uni-trier.de/db/journals/cjtcs
journals/cogsci,Cognitive Science,A*,https://dblp.uni-trier.de/db/journals/cogsci
journals/combinatorica,Combinatorica: an international journal on combinatorics and the theory of computing,A,https://dblp.uni-trier.de/db/journals/combinatorica
journals/cpc,"Combinatorics, Probability and Computing",A,https://dblp.uni-trier.de/db/journals/cpc
journals/cssc,Communications in Statistics: Simulation and Computation,C,https://dblp.uni-trier.de/db/journals/cssc
journals/cais,Communications of the Association for Information Systems,Not primarily CS,https://dblp.uni-trier.de/db/journals/cais
journals/compsys,Complex Systems,C,https://dblp.uni-trier.de/db/journals/compsys
journals/complexity,Complexity,B,https://dblp.uni-trier.de/db/journals/complexity
journals/cc,Computational Complexity,A,https://dblp.uni-trier.de/db/journals/cc
journals/ci,Computational Intelligence,B,https://dblp.uni-trier.de/db/journals/ci
journals/coling,Computational Linguistics,A*,https://dblp.uni-trier.de/db/journals/coling
journals/csda,Computational Statistics,B,https://dblp.uni-trier.de/db/journals/csda
journals/jvca,Computer Animation and Virtual Worlds,B,https://dblp.uni-trier.de/db/journals/jvca
journals/comcom,Computer Communications,C,https://dblp.uni-trier.de/db/journals/comcom
journals/ccr,Computer Communications Review,survey/review,https://dblp.uni-trier.de/db/journals/ccr
journals/cgf,Computer Graphics Forum: the international journal of the Eurographics Association,B,https://dblp.uni-trier.de/db/journals/cgf
journals/cn,Computer Networks,A,https://dblp.uni-trier.de/db/journals/cn
journals/cphysics,Computer Physics Communications,A,https://dblp.uni-trier.de/db/journals/cphysics
journals/ife,Computer Science - Research and Development,C,https://dblp.uni-trier.de/db/journals/ife
journals/csed,Computer Science Education,B,https://dblp.uni-trier.de/db/journals/csed
journals/csl,Computer Speech and Language,A,https://dblp.uni-trier.de/db/journals/csl
journals/csi,Computer Standards and Interfaces,B,https://dblp.uni-trier.de/db/journals/csi
journals/cscw,Computer Supported Cooperative Work: the journal of collaborative computing,B,https://dblp.uni-trier.de/db/journals/cscw
journals/csse,Computer Systems Science and Engineering,C,https://dblp.uni-trier.de/db/journals/csse
journals/cviu,Computer Vision and Image Understanding,A,https://dblp.uni-trier.de/db/journals/cviu
journals/cee,Computers and Electrical Engineering,B,https://dblp.uni-trier.de/db/journals/cee
journals/cea,Computers and Electronics in Agriculture,Not primarily CS,https://dblp.uni-trier.de/db/journals/cea
journals/cg,Computers and Graphics - UK,B,https://dblp.uni-trier.de/db/journals/cg
journals/cma,Computers and Mathematics with Applications,not primarily CS,https://dblp.uni-trier.de/db/journals/cma
journals/compsec,Computers and Security,B,https://dblp.uni-trier.de/db/journals/compsec
journals/cbm,Computers in Biology and Medicine,B,https://dblp.uni-trier.de/db/journals/cbm
journals/chb,Computers in Human Behavior,not primarily CS,https://dblp.uni-trier.de/db/journals/chb
journals/cii,Computers in Industry,B,https://dblp.uni-trier.de/db/journals/cii
journals/computing,Computing,B,https://dblp.uni-trier.de/db/journals/computing
journals/cse,Computing in Science and Engineering,C,https://dblp.uni-trier.de/db/journals/cse
journals/concurrency,Concurrency and Computation: Practice and Experience,B,https://dblp.uni-trier.de/db/journals/concurrency
journals/connection,"Connection Science: journal of neural computing, artificial intelligence, and cognitive research",B,https://dblp.uni-trier.de/db/journals/connection
journals/constraints,Constraints,A,https://dblp.uni-trier.de/db/journals/constraints
journals/control,Control and Cybernetics,C,https://dblp.uni-trier.de/db/journals/control
journals/cryptologia,Cryptologia: a quarterly journal devoted to all aspects of cryptology,C,https://dblp.uni-trier.de/db/journals/cryptologia
journals/cas,Cybernetics and Systems,B,https://dblp.uni-trier.de/db/journals/cas
journals/dke,Data and Knowledge Engineering,B,https://dblp.uni-trier.de/db/journals/dke
journals/datamine,Data Mining and Knowledge Discovery,A,https://dblp.uni-trier.de/db/journals/datamine
journals/datascience,Data Science Journal,C,https://dblp.uni-trier.de/db/journals/datascience
journals/dss,Decision Support Systems,not primarily CS,https://dblp.uni-trier.de/db/journals/dss
journals/dcc,"Design, Codes and Cryptography",B,https://dblp.uni-trier.de/db/journals/dcc
journals/creativity,Digital Creativity,C,https://dblp.uni-trier.de/db/journals/creativity
journals/jdfsl,"Digital Forensics, Security and Law. Journal",C,https://dblp.uni-trier.de/db/journals/jdfsl
journals/di,Digital Investigation,C,https://dblp.uni-trier.de/db/journals/di
journals/deds,Discrete Event Dynamic Systems,C,https://dblp.uni-trier.de/db/journals/deds
journals/dm,Discrete Mathematics,B,https://dblp.uni-trier.de/db/journals/dm
journals/dmtcs,Discrete Mathematics and Theoretical Computer Science,B,https://dblp.uni-trier.de/db/journals/dmtcs
journals/dmgt,Discussiones Mathematicae. Graph Theory,C,https://dblp.uni-trier.de/db/journals/dmgt
journals/displays,Displays,B,https://dblp.uni-trier.de/db/journals/displays
journals/dpd,Distributed and Parallel Databases,B,https://dblp.uni-trier.de/db/journals/dpd
journals/dc,Distributed Computing,A,https://dblp.uni-trier.de/db/journals/dc
journals/ecs,Egyptian Computer Science Journal,C,https://dblp.uni-trier.de/db/journals/ecs
journals/ecr,Electronic Commerce Research,B,https://dblp.uni-trier.de/db/journals/ecr
journals/ecra,Electronic Commerce Research and Applications,B,https://dblp.uni-trier.de/db/journals/ecra
journals/electronicmarkets,Electronic Markets,A,https://dblp.uni-trier.de/db/journals/electronicmarkets
journals/endm,Electronic Notes in Discrete Mathematics,C,https://dblp.uni-trier.de/db/journals/endm
journals/tcs,Electronic Notes in Theoretical Computer Science,C,https://dblp.uni-trier.de/db/journals/tcs
journals/etai,Electronic Transactions on Artificial Intelligence,C,https://dblp.uni-trier.de/db/journals/etai
journals/ese,Empirical Software Engineering: an international journal,A,https://dblp.uni-trier.de/db/journals/ese
journals/eaai,Engineering Applications of Artificial Intelligence,B,https://dblp.uni-trier.de/db/journals/eaai
journals/eis,Enterprise Information Systems,C,https://dblp.uni-trier.de/db/journals/eis
journals/emisaij,Enterprise Modelling and Information Systems Architectures,C,https://dblp.uni-trier.de/db/journals/emisaij
journals/eor,European Journal of Operational Research,A,https://dblp.uni-trier.de/db/journals/eor
journals/ec,Evolutionary Computation,A,https://dblp.uni-trier.de/db/journals/ec
journals/evi,Evolutionary Intelligence,C,https://dblp.uni-trier.de/db/journals/evi
journals/eswa,Expert Systems with Applications,B,https://dblp.uni-trier.de/db/journals/eswa
journals/es,Expert Systems: the journal of knowledge engineering,C,https://dblp.uni-trier.de/db/journals/es
journals/fac,Formal Aspects of Computing: applicable formal methods,B,https://dblp.uni-trier.de/db/journals/fac
journals/fmsd,Formal Methods in System Design,A,https://dblp.uni-trier.de/db/journals/fmsd
journals/ftir,Foundations and Trends in Information Retrieval,Survey/review,https://dblp.uni-trier.de/db/journals/ftir
journals/fttcs,Foundations and Trends in Theoretical Computer Science,survey/review journal,https://dblp.uni-trier.de/db/journals/fttcs
journals/focm,Foundations of Computational Mathematics,A,https://dblp.uni-trier.de/db/journals/focm
journals/fuin,Fundamenta Informaticae,B,https://dblp.uni-trier.de/db/journals/fuin
journals/fgcs,"Future Generation Computer Systems: the international journal of grid computing: theory, methods and applications",A,https://dblp.uni-trier.de/db/journals/fgcs
journals/fss,Fuzzy Sets and Systems,A,https://dblp.uni-trier.de/db/journals/fss
journals/cvgip,Graphical Models,C,https://dblp.uni-trier.de/db/journals/cvgip
journals/gc,Graphs and Combinatorics,B,https://dblp.uni-trier.de/db/journals/gc
journals/hij,Health Informatics Journal,C,https://dblp.uni-trier.de/db/journals/hij
journals/lisp,Higher Order and Symbolic Computation,C,https://dblp.uni-trier.de/db/journals/lisp
journals/hhci,Human-Computer Interaction,A,https://dblp.uni-trier.de/db/journals/hhci
journals/ibis,IBIS,B,https://dblp.uni-trier.de/db/journals/ibis
journals/ibmrd,IBM Journal of Research and Development,B,https://dblp.uni-trier.de/db/journals/ibmrd
journals/tcbb,IEEE - ACM Transactions on Computational Biology and Bioinformatics,C,https://dblp.uni-trier.de/db/journals/tcbb
journals/ton,IEEE ACM Transactions on Networking,A*,https://dblp.uni-trier.de/db/journals/ton
journals/annals,IEEE Annals of the History of Computing,Survey review,https://dblp.uni-trier.de/db/journals/annals
journals/cga,IEEE Computer Graphics and Applications,B,https://dblp.uni-trier.de/db/journals/cga
journals/dsonline,IEEE Distributed Systems Online,C,https://dblp.uni-trier.de/db/journals/dsonline
journals/expert,IEEE Intelligent Systems,A,https://dblp.uni-trier.de/db/journals/expert
journals/internet,IEEE Internet Computing,B,https://dblp.uni-trier.de/db/journals/internet
journals/titb,IEEE Journal of Biomedical and Health Informatics (was IEEE Transactions on Information Technology in Biomedicine),A*,https://dblp.uni-trier.de/db/journals/titb
journals/ieeemm,IEEE MultiMedia Magazine,C,https://dblp.uni-trier.de/db/journals/ieeemm
journals/pervasive,IEEE Pervasive Computing,A,https://dblp.uni-trier.de/db/journals/pervasive
journals/ram,IEEE Robotics and Automation magazine,B,https://dblp.uni-trier.de/db/journals/ram
journals/ieeesp,IEEE Security and Privacy Magazine,B,https://dblp.uni-trier.de/db/journals/ieeesp
journals/software,IEEE Software,B,https://dblp.uni-trier.de/db/journals/software
journals/tc,IEEE Transactions on Computers,A*,https://dblp.uni-trier.de/db/journals/tc
journals/tdsc,IEEE Transactions on Dependable and Secure Computing,A,https://dblp.uni-trier.de/db/journals/tdsc
journals/tec,IEEE Transactions on Evolutionary Computation,A*,https://dblp.uni-trier.de/db/journals/tec
journals/tfs,IEEE Transactions on Fuzzy Systems,A*,https://dblp.uni-trier.de/db/journals/tfs
journals/tsmc,"IEEE Transactions on Human-Machine Systems (was IEEE Transactions on Systems, Man and Cybernetics, Part C: Applications and Reviews)",B,https://dblp.uni-trier.de/db/journals/tsmc
journals/tip,IEEE Transactions on Image Processing,A*,https://dblp.uni-trier.de/db/journals/tip
journals/tifs,IEEE Transactions on Information Forensics and Security,A,https://dblp.uni-trier.de/db/journals/tifs
journals/tit,IEEE Transactions on Information Theory,A*,https://dblp.uni-trier.de/db/journals/tit
journals/tkde,IEEE Transactions on Knowledge and Data Engineering,A*,https://dblp.uni-trier.de/db/journals/tkde
journals/tmi,IEEE Transactions on Medical Imaging,A*,https://dblp.uni-trier.de/db/journals/tmi
journals/tmc,IEEE Transactions on Mobile Computing,A*,https://dblp.uni-trier.de/db/journals/tmc
journals/tmm,IEEE Transactions on Multimedia,A*,https://dblp.uni-trier.de/db/journals/tmm
journals/tnn,IEEE Transactions on Neural Networks and Learning Systems (was IEEE Transactions on Neural Networks),A*,https://dblp.uni-trier.de/db/journals/tnn
journals/tpds,IEEE Transactions on Parallel and Distributed Systems,A*,https://dblp.uni-trier.de/db/journals/tpds
journals/pami,IEEE Transactions on Pattern Analysis and Machine Intelligence,A*,https://dblp.uni-trier.de/db/journals/pami
journals/tpc,IEEE Transactions on Professional Communication,B,https://dblp.uni-trier.de/db/journals/tpc
journals/tr,IEEE Transactions on Reliability,A,https://dblp.uni-trier.de/db/journals/tr
journals/trob,IEEE Transactions on Robotics,A*,https://dblp.uni-trier.de/db/journals/trob
journals/tsc,IEEE Transactions on Services Computing,A*,https://dblp.uni-trier.de/db/journals/tsc
journals/tse,IEEE Transactions on Software Engineering,A*,https://dblp.uni-trier.de/db/journals/tse
journals/tvcg,IEEE Transactions on Visualization and Computer Graphics,A,https://dblp.uni-trier.de/db/journals/tvcg
journals/ieicet,IEICE Transactions on Fundamentals of Electronics Communications and Computer Sciences,C,https://dblp.uni-trier.de/db/journals/ieicet
journals/iet-cvi,IET Computer Vision,B,https://dblp.uni-trier.de/db/journals/iet-cvi
journals/iet-cdt,IET Computers and Digital Techniques,B,https://dblp.uni-trier.de/db/journals/iet-cdt
journals/iet-ifs,IET Information Security,C,https://dblp.uni-trier.de/db/journals/iet-ifs
journals/iet-sen,IET Software,C,https://dblp.uni-trier.de/db/journals/iet-sen
journals/ivc,Image and Vision Computing,B,https://dblp.uni-trier.de/db/journals/ivc
journals/imds,Industrial Management + Data Systems,not primarily CS,https://dblp.uni-trier.de/db/journals/imds
journals/irob,Industrial Robot,C,https://dblp.uni-trier.de/db/journals/irob
journals/infor,INFOR: Information Systems and Operational Research,C,https://dblp.uni-trier.de/db/journals/infor
journals/informaticaLT,Informatica,C,https://dblp.uni-trier.de/db/journals/informaticaLT
journals/informaticaSI,Informatica: journal of computing and informatics,C,https://dblp.uni-trier.de/db/journals/informaticaSI
journals/iie,Informatics in Education,B,https://dblp.uni-trier.de/db/journals/iie
journals/iandc,Information and Computation,B,https://dblp.uni-trier.de/db/journals/iandc
journals/iando,Information and Organization,Not primarily CS,https://dblp.uni-trier.de/db/journals/iando
journals/infsof,Information and Software Technology,A,https://dblp.uni-trier.de/db/journals/infsof
journals/inffus,Information Fusion,B,https://dblp.uni-trier.de/db/journals/inffus
journals/imcs,Information Management and Computer Security,C,https://dblp.uni-trier.de/db/journals/imcs
journals/ipm,Information Processing and Management,A,https://dblp.uni-trier.de/db/journals/ipm
journals/ipl,Information Processing Letters,B,https://dblp.uni-trier.de/db/journals/ipl
journals/ir,Information Retrieval,B,https://dblp.uni-trier.de/db/journals/ir
journals/isci,Information Sciences,A,https://dblp.uni-trier.de/db/journals/isci
journals/isjgp,Information Security Journal: a Global Perspective,C,https://dblp.uni-trier.de/db/journals/isjgp
journals/istr,Information Security Technical Report,B,https://dblp.uni-trier.de/db/journals/istr
journals/is,Information Systems,A*,https://dblp.uni-trier.de/db/journals/is
journals/isem,Information Systems and e-Business Management,C,https://dblp.uni-trier.de/db/journals/isem
journals/isf,Information Systems Frontiers: a journal of research and innovation,not primarily CS,https://dblp.uni-trier.de/db/journals/isf
journals/isr,Information Systems Research,not primarily CS,https://dblp.uni-trier.de/db/journals/isr
journals/itm,Information Technology and Management,C,https://dblp.uni-trier.de/db/journals/itm
journals/itp,Information Technology and People,Not primarily CS,https://dblp.uni-trier.de/db/journals/itp
journals/ivs,Information Visualization,C,https://dblp.uni-trier.de/db/journals/ivs
journals/iks,"Information, Knowledge, Systems Management",C,https://dblp.uni-trier.de/db/journals/iks
journals/informingscij,Informing Science: international journal of an emerging transdiscipline,C,https://dblp.uni-trier.de/db/journals/informingscij
journals/informs,Informs Journal on Computing,A,https://dblp.uni-trier.de/db/journals/informs
journals/icae,Integrated Computer Aided Engineering,B,https://dblp.uni-trier.de/db/journals/icae
journals/iasc,Intelligent Automation and Soft Computing,C,https://dblp.uni-trier.de/db/journals/iasc
journals/ida,Intelligent Data Analysis,B,https://dblp.uni-trier.de/db/journals/ida
journals/isafm,"Intelligent Systems in Accounting, Finance and Management",C,https://dblp.uni-trier.de/db/journals/isafm
journals/iwc,Interacting with Computers,B,https://dblp.uni-trier.de/db/journals/iwc
journals/interfaces,Interfaces,B,https://dblp.uni-trier.de/db/journals/interfaces
journals/ijahuc,International Journal of Ad Hoc and Ubiquitous Computing,B,https://dblp.uni-trier.de/db/journals/ijahuc
journals/ijaip,International Journal of Advanced Intelligence Paradigms,Not ranked,https://dblp.uni-trier.de/db/journals/ijaip
journals/ijamc,International Journal of Advanced Media and Communication,C,https://dblp.uni-trier.de/db/journals/ijamc
journals/ijaose,International Journal of Agent Oriented Software Engineering,B,https://dblp.uni-trier.de/db/journals/ijaose
journals/ijact,International Journal of Applied Cryptography,Not ranked,https://dblp.uni-trier.de/db/journals/ijact
journals/ijads,International Journal of Applied Decision Sciences,Not ranked,https://dblp.uni-trier.de/db/journals/ijads
journals/ijar,International Journal of Approximate Reasoning,B,https://dblp.uni-trier.de/db/journals/ijar
journals/ijaisc,International Journal of Artificial Intelligence and Soft Computing,Not ranked,https://dblp.uni-trier.de/db/journals/ijaisc
journals/ijaacs,International Journal of Autonomous and Adaptive Communications Systems,Not ranked,https://dblp.uni-trier.de/db/journals/ijaacs
journals/ijbra,International Journal of Bioinformatics Research and Applications,B,https://dblp.uni-trier.de/db/journals/ijbra
journals/ijbm,International Journal of Biometrics,Not ranked,https://dblp.uni-trier.de/db/journals/ijbm
journals/ijbdcn,International Journal of Business Data Communications and Networking,C,https://dblp.uni-trier.de/db/journals/ijbdcn
journals/ijbis,International Journal of Business Information Systems,C,https://dblp.uni-trier.de/db/journals/ijbis
journals/ijbidm,International Journal of Business Intelligence and Data Mining,C,https://dblp.uni-trier.de/db/journals/ijbidm
journals/ijcini,International Journal of Cognitive Informatics and Natural Intelligence,C,https://dblp.uni-trier.de/db/journals/ijcini
journals/ijcnds,International Journal of Communication Networks and Distributed Systems,Not ranked,https://dblp.uni-trier.de/db/journals/ijcnds
journals/ijcga,International Journal of Computational Geometry and Applications,B,https://dblp.uni-trier.de/db/journals/ijcga
journals/ijcia,International Journal of Computational Intelligence and Applications,B,https://dblp.uni-trier.de/db/journals/ijcia
journals/ijcat,International Journal of Computer Applications in Technology,C,https://dblp.uni-trier.de/db/journals/ijcat
journals/ijcm,International Journal of Computer Mathematics,C,https://dblp.uni-trier.de/db/journals/ijcm
journals/ijcpol,International Journal of Computer Processing of Oriental Languages,C,https://dblp.uni-trier.de/db/journals/ijcpol
journals/ijcv,International Journal of Computer Vision,A*,https://dblp.uni-trier.de/db/journals/ijcv
journals/isca,International Journal of Computers and Applications,C,https://dblp.uni-trier.de/db/journals/isca
journals/ijcsm,International Journal of Computing Science and Mathematics,C,https://dblp.uni-trier.de/db/journals/ijcsm
journals/ijcis,International Journal of Cooperative Information Systems,C,https://dblp.uni-trier.de/db/journals/ijcis
journals/ijcip,International Journal of Critical Infrastructure Protection,Not ranked,https://dblp.uni-trier.de/db/journals/ijcip
journals/ijdmb,International Journal of Data Mining and Bioinformatics,C,https://dblp.uni-trier.de/db/journals/ijdmb
journals/jdwm,International Journal of Data Warehousing and Mining,C,https://dblp.uni-trier.de/db/journals/jdwm
journals/digearth,International Journal of Digital Earth: a new journal for a new vision,B,https://dblp.uni-trier.de/db/journals/digearth
journals/ijdsn,International Journal of Distributed Sensor Networks,C,https://dblp.uni-trier.de/db/journals/ijdsn
journals/ijebr,International Journal of e-Business Research,C,https://dblp.uni-trier.de/db/journals/ijebr
journals/ijec,International Journal of e-Collaboration,B,https://dblp.uni-trier.de/db/journals/ijec
journals/ijecommerce,International Journal of Electronic Commerce,A,https://dblp.uni-trier.de/db/journals/ijecommerce
journals/ijesdf,International Journal of Electronic Security and Digital Forensics,C,https://dblp.uni-trier.de/db/journals/ijesdf
journals/ijeis,International Journal of Enterprise Information Systems,C,https://dblp.uni-trier.de/db/journals/ijeis
journals/ijfcs,International Journal of Foundations of Computer Science,B,https://dblp.uni-trier.de/db/journals/ijfcs
journals/ijfipm,International Journal of Functional Informatics and Personalised Medicine,Not ranked,https://dblp.uni-trier.de/db/journals/ijfipm
journals/ijfs,International Journal of Fuzzy Systems,C,https://dblp.uni-trier.de/db/journals/ijfs
journals/ijgs,International Journal of General Systems,C,https://dblp.uni-trier.de/db/journals/ijgs
journals/gis,International Journal of Geographical Information Science,A,https://dblp.uni-trier.de/db/journals/gis
journals/ijguc,International Journal of Grid and Utility Computing,B,https://dblp.uni-trier.de/db/journals/ijguc
journals/ijhisi,International Journal of Healthcare Information Systems and Informatics,C,https://dblp.uni-trier.de/db/journals/ijhisi
journals/ijhpcn,International Journal of High Performance Computing and Networking,B,https://dblp.uni-trier.de/db/journals/ijhpcn
journals/ijhpca,International Journal of High Performance Computing Applications,B,https://dblp.uni-trier.de/db/journals/ijhpca
journals/ijhpsa,International Journal of High Performance Systems Architecture,C,https://dblp.uni-trier.de/db/journals/ijhpsa
journals/ijhsc,International Journal of High Speed Computing,C,https://dblp.uni-trier.de/db/journals/ijhsc
journals/ijhci,International Journal of Human-Computer Interaction,B,https://dblp.uni-trier.de/db/journals/ijhci
journals/ijmms,International Journal of Human-Computer Studies,A,https://dblp.uni-trier.de/db/journals/ijmms
journals/ijhr,International Journal of Humanoid Robotics,C,https://dblp.uni-trier.de/db/journals/ijhr
journals/ijhis,International Journal of Hybrid Intelligent Systems,C,https://dblp.uni-trier.de/db/journals/ijhis
journals/ijig,International Journal of Image and Graphics,C,https://dblp.uni-trier.de/db/journals/ijig
journals/imst,International Journal of Imaging Systems and Technology,B,https://dblp.uni-trier.de/db/journals/imst
journals/ijict,International Journal of Information and Communication Technology,C,https://dblp.uni-trier.de/db/journals/ijict
journals/ijics,International Journal of Information and Computer Security,C,https://dblp.uni-trier.de/db/journals/ijics
journals/ijids,International Journal of Information and Decision Sciences,Not ranked,https://dblp.uni-trier.de/db/journals/ijids
journals/ijinfoman,International Journal of Information Management,not primarily CS,https://dblp.uni-trier.de/db/journals/ijinfoman
journals/ijiq,International Journal of Information Quality,C,https://dblp.uni-trier.de/db/journals/ijiq
journals/ijisec,International Journal of Information Security,C,https://dblp.uni-trier.de/db/journals/ijisec
journals/ijisp,International Journal of Information Security and Privacy,C,https://dblp.uni-trier.de/db/journals/ijisp
journals/ijisscm,International Journal of Information Systems and Supply Chain Management,Not ranked,https://dblp.uni-trier.de/db/journals/ijisscm
journals/ijitdm,International Journal of Information Technology and Decision Making,C,https://dblp.uni-trier.de/db/journals/ijitdm
journals/ijitm,International Journal of Information Technology and Management,C,https://dblp.uni-trier.de/db/journals/ijitm
journals/ijitsa,International Journal of Information Technology and the Systems Approach,Not ranked,https://dblp.uni-trier.de/db/journals/ijitsa
journals/ijitwe,International Journal of Information Technology and Web Engineering,C,https://dblp.uni-trier.de/db/journals/ijitwe
journals/ijidss,International Journal of Intelligent Defence Support Systems,Not ranked,https://dblp.uni-trier.de/db/journals/ijidss
journals/ijiids,International Journal of Intelligent Information and Database Systems,C,https://dblp.uni-trier.de/db/journals/ijiids
journals/ijiit,International Journal of Intelligent Information Technologies,C,https://dblp.uni-trier.de/db/journals/ijiit
journals/ijis,International Journal of Intelligent Systems,B,https://dblp.uni-trier.de/db/journals/ijis
journals/ijista,International Journal of Intelligent Systems Technologies and Applications,B,https://dblp.uni-trier.de/db/journals/ijista
journals/ijiem,International Journal of Internet and Enterprise Management,C,https://dblp.uni-trier.de/db/journals/ijiem
journals/ijipt,International Journal of Internet Protocol Technology,C,https://dblp.uni-trier.de/db/journals/ijipt
journals/jitsr,International Journal of IT Standards and Standardization Research,C,https://dblp.uni-trier.de/db/journals/jitsr
journals/ijkl,International Journal of Knowledge and Learning,not primarily CS,https://dblp.uni-trier.de/db/journals/ijkl
journals/ijkm,International Journal of Knowledge Management,C,https://dblp.uni-trier.de/db/journals/ijkm
journals/ijlit,International Journal of Law and Information Technology,not primarily CS,https://dblp.uni-trier.de/db/journals/ijlit
journals/ijmei,International Journal of Medical Engineering and Informatics,Not ranked,https://dblp.uni-trier.de/db/journals/ijmei
journals/ijmi,International Journal of Medical Informatics,A,https://dblp.uni-trier.de/db/journals/ijmi
journals/ijmso,International Journal of Metadata Semantics and Ontologies,C,https://dblp.uni-trier.de/db/journals/ijmso
journals/ijmc,International Journal of Mobile Communications,C,https://dblp.uni-trier.de/db/journals/ijmc
journals/ijmic,"International Journal of Modelling, Identification and Control",C,https://dblp.uni-trier.de/db/journals/ijmic
journals/ijnm,International Journal of Network Management,C,https://dblp.uni-trier.de/db/journals/ijnm
journals/ijns,International Journal of Neural Systems,B,https://dblp.uni-trier.de/db/journals/ijns
journals/ijpp,International Journal of Parallel Programming,B,https://dblp.uni-trier.de/db/journals/ijpp
journals/paapp,"International Journal of Parallel, Emergent and Distributed Systems",B,https://dblp.uni-trier.de/db/journals/paapp
journals/ijprai,International Journal of Pattern Recognition and Artificial Intelligence,B,https://dblp.uni-trier.de/db/journals/ijprai
journals/ijpcc,International Journal of Pervasive Computing and Communications,C,https://dblp.uni-trier.de/db/journals/ijpcc
journals/ijrr,International Journal of Robotics Research,A*,https://dblp.uni-trier.de/db/journals/ijrr
journals/ijscn,International Journal of Satellite Communications and Networking,C,https://dblp.uni-trier.de/db/journals/ijscn
journals/ijsn,International Journal of Security and Networks,C,https://dblp.uni-trier.de/db/journals/ijsn
journals/ijsc,International Journal of Semantic Computing,B,https://dblp.uni-trier.de/db/journals/ijsc
journals/ijspm,International Journal of Simulation and Process Modelling,C,https://dblp.uni-trier.de/db/journals/ijspm
journals/ijshc,International Journal of Social Humanistic Computing,Not ranked,https://dblp.uni-trier.de/db/journals/ijshc
journals/ijseke,International Journal of Software Engineering and Knowledge Engineering,B,https://dblp.uni-trier.de/db/journals/ijseke
journals/ijsysc,International Journal of Systems Science,C,https://dblp.uni-trier.de/db/journals/ijsysc
journals/ijthi,International Journal of Technology and Human Interaction,C,https://dblp.uni-trier.de/db/journals/ijthi
journals/ijufks,"International Journal of Uncertainty, Fuzziness and Knowledge Based Systems",C,https://dblp.uni-trier.de/db/journals/ijufks
journals/ijwmip,"International Journal of Wavelets, Multiresolution and Information Processing",C,https://dblp.uni-trier.de/db/journals/ijwmip
journals/ijwgs,International Journal of Web and Grid Services,C,https://dblp.uni-trier.de/db/journals/ijwgs
journals/ijwbc,International Journal of Web Based Communities,C,https://dblp.uni-trier.de/db/journals/ijwbc
journals/ijwet,International Journal of Web Engineering and Technology,C,https://dblp.uni-trier.de/db/journals/ijwet
journals/ijwis,International Journal of Web Information Systems,C,https://dblp.uni-trier.de/db/journals/ijwis
journals/jwsr,International Journal of Web Services Research,C,https://dblp.uni-trier.de/db/journals/jwsr
journals/ijwmc,International Journal of Wireless and Mobile Computing,C,https://dblp.uni-trier.de/db/journals/ijwmc
journals/ijait,International Journal on Artificial Intelligence Tools,C,https://dblp.uni-trier.de/db/journals/ijait
journals/jodl,International Journal on Digital Libraries,B,https://dblp.uni-trier.de/db/journals/jodl
journals/ijswis,International Journal on Semantic Web and Information Systems,B,https://dblp.uni-trier.de/db/journals/ijswis
journals/sttt,International Journal on Software Tools for Technology Transfer,B,https://dblp.uni-trier.de/db/journals/sttt
journals/itor,International Transactions in Operational Research,C,https://dblp.uni-trier.de/db/journals/itor
journals/intr,Internet Research,Not primarily CS,https://dblp.uni-trier.de/db/journals/intr
journals/jaciii,Journal of Advanced Computational Intelligence and Intelligent Informatics,C,https://dblp.uni-trier.de/db/journals/jaciii
journals/jancl,Journal of Applied Non Classical Logics,B,https://dblp.uni-trier.de/db/journals/jancl
journals/jair,Journal of Artificial Intelligence Research,A,https://dblp.uni-trier.de/db/journals/jair
journals/jalc,"Journal of Automata, Languages and Combinatorics",C,https://dblp.uni-trier.de/db/journals/jalc
journals/jar,Journal of Automated Reasoning,A,https://dblp.uni-trier.de/db/journals/jar
journals/jcit-igi,Journal of Cases on Information Technology,C,https://dblp.uni-trier.de/db/journals/jcit-igi
journals/jca,Journal of Cellular Automata,C,https://dblp.uni-trier.de/db/journals/jca
journals/combinatorics,Journal of Combinatorics,C,https://dblp.uni-trier.de/db/journals/combinatorics
journals/jcss,Journal of Computer and System Sciences,A*,https://dblp.uni-trier.de/db/journals/jcss
journals/jcal,Journal of Computer Assisted Learning,not primarily CS,https://dblp.uni-trier.de/db/journals/jcal
journals/jcis,Journal of Computer Information Systems,B,https://dblp.uni-trier.de/db/journals/jcis
journals/jcst,Journal of Computer Science and Technology,B,https://dblp.uni-trier.de/db/journals/jcst
journals/jcs,Journal of Computer Security,B,https://dblp.uni-trier.de/db/journals/jcs
journals/jcp,Journal of Computers,C,https://dblp.uni-trier.de/db/journals/jcp
journals/cit,Journal of Computing and Information Technology,C,https://dblp.uni-trier.de/db/journals/cit
journals/joc,Journal of Cryptology,A*,https://dblp.uni-trier.de/db/journals/joc
journals/jdm,Journal of Database Management,B,https://dblp.uni-trier.de/db/journals/jdm
journals/jds,Journal of Decision Systems,C,https://dblp.uni-trier.de/db/journals/jds
journals/jdim,Journal of Digital Information Management,C,https://dblp.uni-trier.de/db/journals/jdim
journals/jd,Journal of Documentation,Not primarily CS,https://dblp.uni-trier.de/db/journals/jd
journals/jecr,Journal of Electronic Commerce Research,C,https://dblp.uni-trier.de/db/journals/jecr
journals/jei,Journal of Electronic Imaging,C,https://dblp.uni-trier.de/db/journals/jei
journals/jea,Journal of Experimental Algorithmics,A,https://dblp.uni-trier.de/db/journals/jea
journals/jetai,Journal of Experimental and Theoretical Artificial Intelligence,C,https://dblp.uni-trier.de/db/journals/jetai
journals/jfr,Journal of Field Robotics,A,https://dblp.uni-trier.de/db/journals/jfr
journals/jflp,Journal of Functional and Logic Programming,B,https://dblp.uni-trier.de/db/journals/jflp
journals/jfp,Journal of Functional Programming,A,https://dblp.uni-trier.de/db/journals/jfp
journals/jgt,Journal of Graph Theory,A,https://dblp.uni-trier.de/db/journals/jgt
journals/grid,Journal of Grid Computing,B,https://dblp.uni-trier.de/db/journals/grid
journals/heuristics,Journal of Heuristics,B,https://dblp.uni-trier.de/db/journals/heuristics
journals/jikm,Journal of Information and Knowledge Management,C,https://dblp.uni-trier.de/db/journals/jikm
journals/jip,Journal of Information Processing,C,https://dblp.uni-trier.de/db/journals/jip
journals/jis,Journal of Information Science,Not primarily CS,https://dblp.uni-trier.de/db/journals/jis
journals/jise,Journal of Information Science and Engineering,C,https://dblp.uni-trier.de/db/journals/jise
journals/jitech,Journal of Information Technology,A*,https://dblp.uni-trier.de/db/journals/jitech
journals/joi,Journal of Informetrics,A,https://dblp.uni-trier.de/db/journals/joi
journals/jifs,Journal of Intelligent and Fuzzy Systems,C,https://dblp.uni-trier.de/db/journals/jifs
journals/jirs,Journal of Intelligent and Robotic Systems: theory and applications,C,https://dblp.uni-trier.de/db/journals/jirs
journals/jiis,Journal of Intelligent Information Systems,C,https://dblp.uni-trier.de/db/journals/jiis
journals/jois,Journal of Intelligent Systems,B,https://dblp.uni-trier.de/db/journals/jois
journals/join,Journal of Interconnection Networks,B,https://dblp.uni-trier.de/db/journals/join
journals/jkm,Journal of Knowledge Management,not primarily CS,https://dblp.uni-trier.de/db/journals/jkm
journals/jlbs,Journal of Location Based Services,C,https://dblp.uni-trier.de/db/journals/jlbs
journals/logcom,Journal of Logic and Computation,B,https://dblp.uni-trier.de/db/journals/logcom
journals/jlp,Journal of Logical and Algebraic Methods in Programming (pre 2014 wasThe Journal of Logic and Algebraic Programming),B,https://dblp.uni-trier.de/db/journals/jlp
journals/jmlr,Journal of Machine Learning Research,A*,https://dblp.uni-trier.de/db/journals/jmlr
journals/jmc,Journal of Mathematical Cryptology,C,https://dblp.uni-trier.de/db/journals/jmc
journals/jmiv,Journal of Mathematical Imaging and Vision,B,https://dblp.uni-trier.de/db/journals/jmiv
journals/jms,Journal of Medical Systems,C,https://dblp.uni-trier.de/db/journals/jms
journals/jmm,Journal of Mobile Multimedia,C,https://dblp.uni-trier.de/db/journals/jmm
journals/jmm2,Journal of Multimedia,C,https://dblp.uni-trier.de/db/journals/jmm2
journals/mvl,Journal of Multiple-Valued Logic and Soft Computing,C,https://dblp.uni-trier.de/db/journals/mvl
journals/jnca,Journal of Network and Computer Applications,A,https://dblp.uni-trier.de/db/journals/jnca
journals/jnsm,Journal of Network and Systems Management,B,https://dblp.uni-trier.de/db/journals/jnsm
journals/jot,Journal of Object Technology,B,https://dblp.uni-trier.de/db/journals/jot
journals/joeuc,Journal of Organizational and End User Computing: the international journal of information user management,B,https://dblp.uni-trier.de/db/journals/joeuc
journals/jocec,Journal of Organizational Computing and Electronic Commerce,B,https://dblp.uni-trier.de/db/journals/jocec
journals/jpdc,Journal of Parallel and Distributed Computing,A,https://dblp.uni-trier.de/db/journals/jpdc
journals/jpl,Journal of Programming Languages,C,https://dblp.uni-trier.de/db/journals/jpl
journals/jrm,Journal of Robotics and Mechatronics,C,https://dblp.uni-trier.de/db/journals/jrm
journals/jsat,"Journal of Satisfiability, Boolean Modeling and Computation",C,https://dblp.uni-trier.de/db/journals/jsat
journals/jscic,Journal of Scientific Computing,B,https://dblp.uni-trier.de/db/journals/jscic
journals/jos,Journal of Simulation,C,https://dblp.uni-trier.de/db/journals/jos
journals/jsw,Journal of Software,B,https://dblp.uni-trier.de/db/journals/jsw
journals/jsea,Journal of Software Engineering and Applications,Not ranked,https://dblp.uni-trier.de/db/journals/jsea
journals/smr,Journal of Software: Evolution and Process (was Journal of Software Maintenance and Evolution: research and practice),B,https://dblp.uni-trier.de/db/journals/smr
journals/tjs,Journal of Supercomputing,B,https://dblp.uni-trier.de/db/journals/tjs
journals/jsc,Journal of Symbolic Computation,not primarily CS,https://dblp.uni-trier.de/db/journals/jsc
journals/jsit,Journal of Systems and Information Technology,C,https://dblp.uni-trier.de/db/journals/jsit
journals/jss,Journal of Systems and Software,A,https://dblp.uni-trier.de/db/journals/jss
journals/jsa,Journal of Systems Architecture,B,https://dblp.uni-trier.de/db/journals/jsa
journals/jacm,Journal of the ACM,A*,https://dblp.uni-trier.de/db/journals/jacm
journals/jamia,Journal of the American Medical Informatics Association,A,https://dblp.uni-trier.de/db/journals/jamia
journals/jasis,Journal of the Association for Information Science and Technology (was Journal of the American Society for Information Science and Technology),A*,https://dblp.uni-trier.de/db/journals/jasis
journals/jais,Journal of the Association of Information Systems,not primarily CS,https://dblp.uni-trier.de/db/journals/jais
journals/jbcs,Journal of the Brazilian Computer Society,C,https://dblp.uni-trier.de/db/journals/jbcs
journals/jors,Journal of the Operational Research Society,B,https://dblp.uni-trier.de/db/journals/jors
journals/jucs,Journal of Universal Computer Science,C,https://dblp.uni-trier.de/db/journals/jucs
journals/jvrb,Journal of Virtual Reality and Broadcasting,C,https://dblp.uni-trier.de/db/journals/jvrb
journals/jvis,Journal of Visualization,B,https://dblp.uni-trier.de/db/journals/jvis
journals/ws,Journal of Web Semantics,C,https://dblp.uni-trier.de/db/journals/ws
journals/kais,Knowledge and Information Systems,B,https://dblp.uni-trier.de/db/journals/kais
journals/ker,Knowledge Engineering Review,B,https://dblp.uni-trier.de/db/journals/ker
journals/kbs,Knowledge-Based Systems,B,https://dblp.uni-trier.de/db/journals/kbs
journals/lre,Language Resources and Evaluation,B,https://dblp.uni-trier.de/db/journals/lre
journals/lmcs,Logical Methods in Computer Science,A,https://dblp.uni-trier.de/db/journals/lmcs
journals/ml,Machine Learning,A,https://dblp.uni-trier.de/db/journals/ml
journals/mt,Machine Translation,B,https://dblp.uni-trier.de/db/journals/mt
journals/mva,Machine Vision and Applications: an international journal,B,https://dblp.uni-trier.de/db/journals/mva
journals/mcm,Mathematical and Computer Modelling,B,https://dblp.uni-trier.de/db/journals/mcm
journals/mmor,Mathematical Methods of Operations Research,B,https://dblp.uni-trier.de/db/journals/mmor
journals/mscs,Mathematical Structures in Computer Science,C,https://dblp.uni-trier.de/db/journals/mscs
journals/mcs,Mathematics and Computers in Simulation,B,https://dblp.uni-trier.de/db/journals/mcs
journals/mics,Mathematics in Computer Science,C,https://dblp.uni-trier.de/db/journals/mics
journals/mor,Mathematics of Operations Research,A,https://dblp.uni-trier.de/db/journals/mor
journals/mima,"Minds and Machines: journal for artificial intelligence, philosophy and cognitive sciences",B,https://dblp.uni-trier.de/db/journals/mima
journals/misq,MIS Quarterly,A*,https://dblp.uni-trier.de/db/journals/misq
journals/misqe,MIS Quarterly Executive: a research journal dedicated to improving practice,Not primarily CS,https://dblp.uni-trier.de/db/journals/misqe
journals/mis,Mobile Information Systems,C,https://dblp.uni-trier.de/db/journals/mis
journals/mags,Multiagent and Grid Systems,B,https://dblp.uni-trier.de/db/journals/mags
journals/mms,Multimedia Systems,B,https://dblp.uni-trier.de/db/journals/mms
journals/mta,Multimedia Tools and Applications,B,https://dblp.uni-trier.de/db/journals/mta
journals/nle,Natural Language Engineering,A,https://dblp.uni-trier.de/db/journals/nle
journals/networks,Networks,B,https://dblp.uni-trier.de/db/journals/networks
journals/neco,Neural Computation,B,https://dblp.uni-trier.de/db/journals/neco
journals/nca,Neural Computing and Applications,B,https://dblp.uni-trier.de/db/journals/nca
journals/nn,Neural Networks,A,https://dblp.uni-trier.de/db/journals/nn
journals/npl,Neural Processing Letters,B,https://dblp.uni-trier.de/db/journals/npl
journals/ijon,Neurocomputing,B,https://dblp.uni-trier.de/db/journals/ijon
journals/ngc,New Generation Computing: computing paradigms and computational intelligence,B,https://dblp.uni-trier.de/db/journals/ngc
journals/nrhm,New Review of Hypermedia and Multimedia,C,https://dblp.uni-trier.de/db/journals/nrhm
journals/ior,Operations Research,A*,https://dblp.uni-trier.de/db/journals/ior
journals/oms,Optimization Methods and Software,B,https://dblp.uni-trier.de/db/journals/oms
journals/ori,OR Insight,C,https://dblp.uni-trier.de/db/journals/ori
journals/pc,Parallel Computing,B,https://dblp.uni-trier.de/db/journals/pc
journals/ppl,Parallel Processing Letters,B,https://dblp.uni-trier.de/db/journals/ppl
journals/paa,Pattern Analysis and Applications,C,https://dblp.uni-trier.de/db/journals/paa
journals/pr,Pattern Recognition,A*,https://dblp.uni-trier.de/db/journals/pr
journals/prl,Pattern Recognition Letters,B,https://dblp.uni-trier.de/db/journals/prl
journals/pe,Performance Evaluation,B,https://dblp.uni-trier.de/db/journals/pe
journals/puc,Personal and Ubiquitous Computing,B,https://dblp.uni-trier.de/db/journals/puc
journals/percom,Pervasive and Mobile Computing,B,https://dblp.uni-trier.de/db/journals/percom
journals/presence,Presence,B,https://dblp.uni-trier.de/db/journals/presence
journals/pcs,Programming and Computer Software,C,https://dblp.uni-trier.de/db/journals/pcs
journals/qip,Quantum Information Processing,B,https://dblp.uni-trier.de/db/journals/qip
journals/ita,RAIRO - Theoretical Informatics and Applications,C,https://dblp.uni-trier.de/db/journals/ita
journals/rairo,RAIRO Operations Research,C,https://dblp.uni-trier.de/db/journals/rairo
journals/rsa,Random Structures and Algorithms,A,https://dblp.uni-trier.de/db/journals/rsa
journals/rti,Real Time Imaging,C,https://dblp.uni-trier.de/db/journals/rti
journals/rts,Real Time Systems: the international journal of time critical computing systems,B,https://dblp.uni-trier.de/db/journals/rts
journals/re,Requirements Engineering,B,https://dblp.uni-trier.de/db/journals/re
journals/robotica,Robotica,B,https://dblp.uni-trier.de/db/journals/robotica
journals/ras,Robotics and Autonomous Systems,B,https://dblp.uni-trier.de/db/journals/ras
journals/sjis,Scandinavian Journal of Information Systems,Not primarily CS,https://dblp.uni-trier.de/db/journals/sjis
journals/scp,Science of Computer Programming,A,https://dblp.uni-trier.de/db/journals/scp
journals/scientometrics,"Scientometrics: an international journal for all quantitative aspects of the science of science, communication in science and science policy",Not primarily CS,https://dblp.uni-trier.de/db/journals/scientometrics
journals/scn,Security and Communication Networks,Not ranked,https://dblp.uni-trier.de/db/journals/scn
journals/soca,Service Oriented Computing and Applications,C,https://dblp.uni-trier.de/db/journals/soca
journals/siamcomp,SIAM Journal on Computing,A*,https://dblp.uni-trier.de/db/journals/siamcomp
journals/siamdm,SIAM Journal on Discrete Mathematics,A,https://dblp.uni-trier.de/db/journals/siamdm
journals/siamsc,SIAM Journal on Scientific Computing,A,https://dblp.uni-trier.de/db/journals/siamsc
journals/simpra,Simulation Modelling Practice and Theory,C,https://dblp.uni-trier.de/db/journals/simpra
journals/simulation,Simulation: transactions of the Society for Modeling and Simulation International,B,https://dblp.uni-trier.de/db/journals/simulation
journals/soco,Soft Computing,C,https://dblp.uni-trier.de/db/journals/soco
journals/sosym,Software and Systems Modeling,B,https://dblp.uni-trier.de/db/journals/sosym
journals/sopr,Software Process Improvement and Practice,C,https://dblp.uni-trier.de/db/journals/sopr
journals/sqj,Software Quality Journal,C,https://dblp.uni-trier.de/db/journals/sqj
journals/stvr,"Software Testing, Verification and Reliability",B,https://dblp.uni-trier.de/db/journals/stvr
journals/spe,Software: Practice and Experience,B,https://dblp.uni-trier.de/db/journals/spe
journals/saj,South African Computer Journal,C,https://dblp.uni-trier.de/db/journals/saj
journals/speech,Speech Communication,B,https://dblp.uni-trier.de/db/journals/speech
journals/sac,Statistics and Computing,A,https://dblp.uni-trier.de/db/journals/sac
journals/se,Systems Engineering,C,https://dblp.uni-trier.de/db/journals/se
journals/jeric,The ACM Transactions on Computing Education (was Journal on Educational  Resources in Computing),C,https://dblp.uni-trier.de/db/journals/jeric
journals/cj,The Computer Journal,B,https://dblp.uni-trier.de/db/journals/cj
journals/tis,The Information Society,Not primarily CS,https://dblp.uni-trier.de/db/journals/tis
journals/iajit,The International Arab Journal of Information Technology,C,https://dblp.uni-trier.de/db/journals/iajit
journals/jisys,The Journal of Information Systems,B,https://dblp.uni-trier.de/db/journals/jisys
journals/vr,The Visual Computer,B,https://dblp.uni-trier.de/db/journals/vr
journals/vldb,The VLDB Journal,A*,https://dblp.uni-trier.de/db/journals/vldb
journals/tplp,Theory and Practice of Logic Programming,A,https://dblp.uni-trier.de/db/journals/tplp
journals/toc,Theory of Computing,A,https://dblp.uni-trier.de/db/journals/toc
journals/mst,Theory of Computing Systems,C,https://dblp.uni-trier.de/db/journals/mst
journals/tgis,Transactions in GIS,B,https://dblp.uni-trier.de/db/journals/tgis
journals/ett,Transactions on Emerging Telecommunications Technologies (was European Transactions on Telecommunications),B,https://dblp.uni-trier.de/db/journals/ett
journals/uais,Universal Access in the Information Society: international journal,C,https://dblp.uni-trier.de/db/journals/uais
journals/umuai,User Modeling and User Adapted Interaction,A,https://dblp.uni-trier.de/db/journals/umuai
journals/wias,Web Intelligence and Agent Systems: an international journal,C,https://dblp.uni-trier.de/db/journals/wias
journals/webology,Webology,C,https://dblp.uni-trier.de/db/journals/webology
journals/wicomm,Wireless Communications and Mobile Computing,B,https://dblp.uni-trier.de/db/journals/wicomm
journals/winet,"Wireless Networks: the journal of mobile communication, computation and information",B,https://dblp.uni-trier.de/db/journals/winet
journals/wpc,Wireless Personal Communications: an international journal,C,https://dblp.uni-trier.de/db/journals/wpc
journals/wi,Wirtschaftsinformatik,C,https://dblp.uni-trier.de/db/journals/wi
journals/www,World Wide Web,A,https://dblp.uni-trier.de/db/journals/www
